model,Accuracy,Precision,Recall,F1
Majority Baseline,0.5117,0.5117,1.0,0.677
Logistic Regression,0.524,0.5541,0.3573,0.4344
Random Forest,0.5016722408026756,0.5545454545454546,0.1328976034858388,0.21441124780316345
