model,RMSE,MAE,R2
Persistence Baseline,0.036282068135912955,0.026592326030718386,
Linear Regression,0.025366,0.01834,-0.037679
Ridge,0.025091,0.018049,-0.015258
Lasso,0.024903,0.017787,-0.0001
XGBoost,0.02534154474834274,0.01817483026967889,-0.03448748799367296
